Date,Open
2010-06-30,26.959999084472656
2010-07-01,27.110000610351562
2010-07-02,26.719999313354492
2010-07-05,26.780000686645508
2010-07-06,27.0
2010-07-07,27.200000762939453
2010-07-08,27.479999542236328
2010-07-12,27.6200008392334
2010-07-13,27.399999618530273
2010-07-14,27.049999237060547
2010-07-15,27.299999237060547
2010-07-16,27.040000915527344
2010-07-19,26.850000381469727
2010-07-20,26.770000457763672
2010-07-21,27.829999923706055
2010-07-22,27.84000015258789
2010-07-23,27.989999771118164
2010-07-26,27.790000915527344
2010-07-27,28.0
2010-07-28,27.950000762939453
2010-07-29,27.84000015258789
2010-07-30,27.65999984741211
2010-08-02,27.969999313354492
2010-08-03,28.399999618530273
2010-08-04,29.360000610351562
2010-08-05,29.270000457763672
2010-08-06,29.200000762939453
2010-08-09,29.350000381469727
2010-08-10,28.6200008392334
2010-08-11,28.040000915527344
2010-08-12,27.3799991607666
2010-08-13,27.649999618530273
2010-08-16,27.610000610351562
2010-08-17,27.760000228881836
2010-08-18,28.290000915527344
2010-08-19,26.90999984741211
2010-08-20,26.75
2010-08-23,26.920000076293945
2010-08-24,26.5
2010-08-25,26.06999969482422
2010-08-26,26.700000762939453
2010-08-27,25.950000762939453
2010-08-30,26.350000381469727
2010-08-31,25.520000457763672
2010-09-01,26.299999237060547
2010-09-02,26.889999389648438
2010-09-03,28.299999237060547
2010-09-06,29.18000030517578
2010-09-08,28.309999465942383
2010-09-09,28.06999969482422
2010-09-10,27.5
2010-09-13,27.75
2010-09-14,28.190000534057617
2010-09-15,26.0
2010-09-16,26.110000610351562
2010-09-17,26.1299991607666
2010-09-20,26.420000076293945
2010-09-21,27.1200008392334
2010-09-22,26.09000015258789
2010-09-23,25.920000076293945
2010-09-24,27.049999237060547
2010-09-27,26.34000015258789
2010-09-28,26.760000228881836
2010-09-29,26.600000381469727
2010-09-30,27.649999618530273
2010-10-01,27.579999923706055
2010-10-04,27.479999542236328
2010-10-05,27.59000015258789
2010-10-06,26.799999237060547
2010-10-07,26.049999237060547
2010-10-08,25.209999084472656
2010-10-11,26.100000381469727
2010-10-13,26.020000457763672
2010-10-14,25.65999984741211
2010-10-15,26.530000686645508
2010-10-18,26.149999618530273
2010-10-19,25.940000534057617
2010-10-20,25.469999313354492
2010-10-21,25.049999237060547
2010-10-22,24.459999084472656
2010-10-25,24.450000762939453
2010-10-26,24.520000457763672
2010-10-27,25.700000762939453
2010-10-28,26.489999771118164
2010-10-29,26.59000015258789
2010-11-01,26.049999237060547
2010-11-03,26.700000762939453
2010-11-04,27.350000381469727
2010-11-05,27.420000076293945
2010-11-08,27.110000610351562
2010-11-09,27.6200008392334
2010-11-10,27.110000610351562
2010-11-11,27.06999969482422
2010-11-12,26.239999771118164
2010-11-16,25.850000381469727
2010-11-17,25.489999771118164
2010-11-18,25.850000381469727
2010-11-19,25.700000762939453
2010-11-22,25.639999389648438
2010-11-23,24.690000534057617
2010-11-24,24.899999618530273
2010-11-25,25.350000381469727
2010-11-26,24.65999984741211
2010-11-29,24.549999237060547
2010-11-30,24.690000534057617
2010-12-01,25.030000686645508
2010-12-02,25.450000762939453
2010-12-03,25.450000762939453
2010-12-06,25.760000228881836
2010-12-07,26.200000762939453
2010-12-08,25.3799991607666
2010-12-09,25.170000076293945
2010-12-10,25.600000381469727
2010-12-13,25.889999389648438
2010-12-14,25.829999923706055
2010-12-15,25.59000015258789
2010-12-16,25.5
2010-12-17,25.229999542236328
2010-12-20,25.940000534057617
2010-12-21,25.84000015258789
2010-12-22,25.559999465942383
2010-12-23,25.639999389648438
2010-12-27,25.559999465942383
2010-12-28,26.299999237060547
2010-12-29,26.780000686645508
2010-12-30,27.290000915527344
2011-01-03,27.5
2011-01-04,27.010000228881836
2011-01-05,26.68000030517578
2011-01-06,27.200000762939453
2011-01-07,27.020000457763672
2011-01-10,26.649999618530273
2011-01-11,27.100000381469727
2011-01-12,27.3799991607666
2011-01-13,28.0
2011-01-14,27.270000457763672
2011-01-17,27.420000076293945
2011-01-18,27.649999618530273
2011-01-19,27.799999237060547
2011-01-20,27.149999618530273
2011-01-21,27.40999984741211
2011-01-24,27.079999923706055
2011-01-26,27.09000015258789
2011-01-27,26.950000762939453
2011-01-28,27.049999237060547
2011-01-31,26.860000610351562
2011-02-01,27.299999237060547
2011-02-02,27.600000381469727
2011-02-03,27.760000228881836
2011-02-04,28.040000915527344
2011-02-07,27.799999237060547
2011-02-08,27.0
2011-02-09,26.8799991607666
2011-02-10,26.8799991607666
2011-02-11,26.450000762939453
2011-02-14,26.40999984741211
2011-02-15,26.670000076293945
2011-02-16,27.200000762939453
2011-02-17,27.399999618530273
2011-02-18,27.15999984741211
2011-02-21,27.469999313354492
2011-02-22,27.459999084472656
2011-02-23,27.90999984741211
2011-02-24,28.709999084472656
2011-02-25,28.40999984741211
2011-02-28,28.440000534057617
2011-03-01,28.5
2011-03-02,28.299999237060547
2011-03-03,28.920000076293945
2011-03-04,29.0
2011-03-09,29.079999923706055
2011-03-10,28.399999618530273
2011-03-11,27.950000762939453
2011-03-14,28.0
2011-03-15,27.450000762939453
2011-03-16,28.15999984741211
2011-03-17,28.139999389648438
2011-03-18,28.200000762939453
2011-03-21,28.15999984741211
2011-03-22,28.15999984741211
2011-03-23,28.1299991607666
2011-03-24,28.65999984741211
2011-03-25,28.65999984741211
2011-03-28,28.559999465942383
2011-03-29,28.350000381469727
2011-03-30,28.399999618530273
2011-03-31,28.520000457763672
2011-04-01,28.3700008392334
2011-04-04,28.799999237060547
2011-04-05,28.799999237060547
2011-04-06,28.549999237060547
2011-04-07,28.1299991607666
2011-04-08,28.049999237060547
2011-04-11,27.989999771118164
2011-04-12,27.31999969482422
2011-04-13,26.799999237060547
2011-04-14,26.100000381469727
2011-04-15,26.079999923706055
2011-04-18,26.530000686645508
2011-04-19,25.75
2011-04-20,26.209999084472656
2011-04-25,26.309999465942383
2011-04-26,26.200000762939453
2011-04-27,26.219999313354492
2011-04-28,25.649999618530273
2011-04-29,25.34000015258789
2011-05-02,25.709999084472656
2011-05-03,25.700000762939453
2011-05-04,25.59000015258789
2011-05-05,25.190000534057617
2011-05-06,24.799999237060547
2011-05-09,23.892000198364258
2011-05-10,24.239999771118164
2011-05-11,24.600000381469727
2011-05-12,24.600000381469727
2011-05-13,24.600000381469727
2011-05-16,24.600000381469727
2011-05-17,24.600000381469727
2011-05-18,24.600000381469727
2011-05-19,24.25
2011-05-20,23.65999984741211
2011-05-23,23.5
2011-05-24,23.860000610351562
2011-05-25,23.829999923706055
2011-05-26,24.0
2011-05-27,24.31999969482422
2011-05-30,24.31999969482422
2011-05-31,24.299999237060547
2011-06-01,24.0
2011-06-02,24.06999969482422
2011-06-03,23.780000686645508
2011-06-06,23.8700008392334
2011-06-07,23.360000610351562
2011-06-08,22.950000762939453
2011-06-09,23.239999771118164
2011-06-10,23.780000686645508
2011-06-13,23.770000457763672
2011-06-14,23.420000076293945
2011-06-15,23.290000915527344
2011-06-16,23.290000915527344
2011-06-17,23.469999313354492
2011-06-20,23.200000762939453
2011-06-21,23.200000762939453
2011-06-22,23.200000762939453
2011-06-24,23.170000076293945
2011-06-27,23.0
2011-06-28,23.170000076293945
2011-06-29,23.5
2011-06-30,23.59000015258789
2011-07-01,23.649999618530273
2011-07-04,23.719999313354492
2011-07-05,23.799999237060547
2011-07-06,23.450000762939453
2011-07-07,23.700000762939453
2011-07-08,23.5
2011-07-11,23.200000762939453
2011-07-12,23.020000457763672
2011-07-13,23.290000915527344
2011-07-14,23.270000457763672
2011-07-15,23.0
2011-07-18,22.809999465942383
2011-07-19,22.8700008392334
2011-07-20,22.75
2011-07-21,22.479999542236328
2011-07-22,23.020000457763672
2011-07-25,23.889999389648438
2011-07-26,23.59000015258789
2011-07-27,23.59000015258789
2011-07-28,23.690000534057617
2011-07-29,23.5
2011-08-01,23.5
2011-08-02,23.5
2011-08-03,23.5
2011-08-04,23.5
2011-08-05,23.5
2011-08-08,23.5
2011-08-09,23.5
2011-08-10,23.5
2011-08-11,23.5
2011-08-12,23.5
2011-08-15,23.5
2011-08-16,23.5
2011-08-17,20.799999237060547
2011-08-18,20.350000381469727
2011-08-19,19.93000030517578
2011-08-22,20.100000381469727
2011-08-23,19.799999237060547
2011-08-24,20.1200008392334
2011-08-25,20.149999618530273
2011-08-26,19.709999084472656
2011-08-29,20.18000030517578
2011-08-30,20.3799991607666
2011-08-31,20.760000228881836
2011-09-01,21.1200008392334
2011-09-02,20.65999984741211
2011-09-05,19.899999618530273
2011-09-06,19.729999542236328
2011-09-08,20.75
2011-09-09,20.5
2011-09-12,19.799999237060547
2011-09-13,20.399999618530273
2011-09-14,20.350000381469727
2011-09-15,20.700000762939453
2011-09-16,20.549999237060547
2011-09-19,20.329999923706055
2011-09-20,20.780000686645508
2011-09-21,20.75
2011-09-22,20.020000457763672
2011-09-23,19.510000228881836
2011-09-26,19.350000381469727
2011-09-27,20.09000015258789
2011-09-28,19.579999923706055
2011-09-29,19.479999542236328
2011-09-30,19.18000030517578
2011-10-03,18.959999084472656
2011-10-04,18.25
2011-10-05,18.399999618530273
2011-10-06,18.489999771118164
2011-10-07,19.06999969482422
2011-10-10,18.5
2011-10-11,18.700000762939453
2011-10-13,19.399999618530273
2011-10-14,19.549999237060547
2011-10-17,19.450000762939453
2011-10-18,19.450000762939453
2011-10-19,19.440000534057617
2011-10-20,19.18000030517578
2011-10-21,18.959999084472656
2011-10-24,19.270000457763672
2011-10-25,19.270000457763672
2011-10-26,19.270000457763672
2011-10-27,19.270000457763672
2011-10-28,20.670000076293945
2011-10-31,20.850000381469727
2011-11-01,20.399999618530273
2011-11-03,21.559999465942383
2011-11-04,21.729999542236328
2011-11-07,22.049999237060547
2011-11-08,22.799999237060547
2011-11-09,22.010000228881836
2011-11-10,21.459999084472656
2011-11-11,21.889999389648438
2011-11-14,21.860000610351562
2011-11-16,21.959999084472656
2011-11-17,21.959999084472656
2011-11-18,21.700000762939453
2011-11-21,21.40999984741211
2011-11-22,21.739999771118164
2011-11-23,21.489999771118164
2011-11-24,21.739999771118164
2011-11-25,21.479999542236328
2011-11-28,21.510000228881836
2011-11-29,21.520000457763672
2011-11-30,21.799999237060547
2011-12-01,22.329999923706055
2011-12-02,22.6200008392334
2011-12-05,22.739999771118164
2011-12-06,22.81999969482422
2011-12-07,23.34000015258789
2011-12-08,23.350000381469727
2011-12-09,22.709999084472656
2011-12-12,23.020000457763672
2011-12-13,22.59000015258789
2011-12-14,22.350000381469727
2011-12-15,22.049999237060547
2011-12-16,21.600000381469727
2011-12-19,21.3700008392334
2011-12-20,21.399999618530273
2011-12-21,21.899999618530273
2011-12-22,22.079999923706055
2011-12-23,22.270000457763672
2011-12-26,22.299999237060547
2011-12-27,22.170000076293945
2011-12-28,22.239999771118164
2011-12-29,21.59000015258789
2012-01-02,21.510000228881836
2012-01-03,21.829999923706055
2012-01-04,22.18000030517578
2012-01-05,22.389999389648438
2012-01-06,22.469999313354492
2012-01-09,22.440000534057617
2012-01-10,22.940000534057617
2012-01-11,22.889999389648438
2012-01-12,22.989999771118164
2012-01-13,22.950000762939453
2012-01-16,23.049999237060547
2012-01-17,23.649999618530273
2012-01-18,23.81999969482422
2012-01-19,24.399999618530273
2012-01-20,24.100000381469727
2012-01-23,24.09000015258789
2012-01-24,25.049999237060547
2012-01-26,25.729999542236328
2012-01-27,25.079999923706055
2012-01-30,24.43000030517578
2012-01-31,24.75
2012-02-01,24.700000762939453
2012-02-02,24.8799991607666
2012-02-03,24.469999313354492
2012-02-06,24.489999771118164
2012-02-07,24.719999313354492
2012-02-08,25.649999618530273
2012-02-09,25.479999542236328
2012-02-10,24.239999771118164
2012-02-13,23.5
2012-02-14,24.360000610351562
2012-02-15,23.489999771118164
2012-02-16,22.950000762939453
2012-02-17,24.100000381469727
2012-02-23,23.68000030517578
2012-02-24,24.149999618530273
2012-02-27,24.649999618530273
2012-02-28,24.510000228881836
2012-02-29,24.5
2012-03-01,24.510000228881836
2012-03-02,24.940000534057617
2012-03-05,25.149999618530273
2012-03-06,24.100000381469727
2012-03-07,24.049999237060547
2012-03-08,24.420000076293945
2012-03-09,24.100000381469727
2012-03-12,23.549999237060547
2012-03-13,23.649999618530273
2012-03-14,24.399999618530273
2012-03-15,24.68000030517578
2012-03-16,24.25
2012-03-19,24.350000381469727
2012-03-20,24.010000228881836
2012-03-21,24.209999084472656
2012-03-22,24.209999084472656
2012-03-23,23.93000030517578
2012-03-26,23.940000534057617
2012-03-27,24.209999084472656
2012-03-28,23.790000915527344
2012-03-29,23.209999084472656
2012-03-30,23.5
2012-04-02,23.280000686645508
2012-04-03,23.219999313354492
2012-04-04,22.260000228881836
2012-04-05,21.81999969482422
2012-04-09,21.760000228881836
2012-04-10,21.5
2012-04-11,21.450000762939453
2012-04-12,21.510000228881836
2012-04-13,21.8799991607666
2012-04-16,21.829999923706055
2012-04-17,21.780000686645508
2012-04-18,21.549999237060547
2012-04-19,21.6299991607666
2012-04-20,21.6200008392334
2012-04-23,21.209999084472656
2012-04-24,21.329999923706055
2012-04-25,21.3799991607666
2012-04-26,20.899999618530273
2012-04-27,21.350000381469727
2012-04-30,20.969999313354492
2012-05-02,20.969999313354492
2012-05-03,21.989999771118164
2012-05-04,21.260000228881836
2012-05-07,20.450000762939453
2012-05-08,20.399999618530273
2012-05-09,20.049999237060547
2012-05-10,20.299999237060547
2012-05-11,19.709999084472656
2012-05-14,19.079999923706055
2012-05-15,19.0
2012-05-16,19.270000457763672
2012-05-17,19.440000534057617
2012-05-18,18.600000381469727
2012-05-21,19.06999969482422
2012-05-22,20.31999969482422
2012-05-23,19.65999984741211
2012-05-24,19.34000015258789
2012-05-25,18.719999313354492
2012-05-28,18.950000762939453
2012-05-29,18.90999984741211
2012-05-30,18.559999465942383
2012-05-31,18.479999542236328
2012-06-01,18.530000686645508
2012-06-04,18.84000015258789
2012-06-05,19.209999084472656
2012-06-06,19.049999237060547
2012-06-08,19.049999237060547
2012-06-11,19.110000610351562
2012-06-12,18.450000762939453
2012-06-13,18.530000686645508
2012-06-14,18.549999237060547
2012-06-15,18.270000457763672
2012-06-18,18.549999237060547
2012-06-19,19.0
2012-06-20,19.729999542236328
2012-06-21,20.010000228881836
2012-06-22,19.399999618530273
2012-06-25,18.700000762939453
2012-06-26,18.040000915527344
2012-06-27,18.0
2012-06-28,17.600000381469727
2012-06-29,18.239999771118164
2012-07-02,18.100000381469727
2012-07-03,18.520000457763672
2012-07-04,18.889999389648438
2012-07-05,19.100000381469727
2012-07-06,19.350000381469727
2012-07-10,19.100000381469727
2012-07-11,18.510000228881836
2012-07-12,18.299999237060547
2012-07-13,19.549999237060547
2012-07-16,19.549999237060547
2012-07-17,19.43000030517578
2012-07-18,19.149999618530273
2012-07-19,19.329999923706055
2012-07-20,19.3799991607666
2012-07-23,18.8700008392334
2012-07-24,19.049999237060547
2012-07-25,19.0
2012-07-26,19.260000228881836
2012-07-27,19.450000762939453
2012-07-30,20.059999465942383
2012-07-31,20.309999465942383
2012-08-01,19.5
2012-08-02,19.549999237060547
2012-08-03,19.979999542236328
2012-08-06,19.020000457763672
2012-08-07,20.149999618530273
2012-08-08,20.389999389648438
2012-08-09,20.90999984741211
2012-08-10,20.90999984741211
2012-08-13,21.020000457763672
2012-08-14,21.149999618530273
2012-08-15,20.780000686645508
2012-08-16,21.299999237060547
2012-08-17,21.56999969482422
2012-08-20,21.549999237060547
2012-08-21,21.860000610351562
2012-08-22,21.1200008392334
2012-08-23,21.399999618530273
2012-08-24,21.100000381469727
2012-08-27,21.270000457763672
2012-08-28,21.260000228881836
2012-08-29,21.489999771118164
2012-08-30,21.09000015258789
2012-08-31,21.149999618530273
2012-09-03,20.770000457763672
2012-09-04,20.6299991607666
2012-09-05,20.549999237060547
2012-09-06,20.670000076293945
2012-09-10,21.440000534057617
2012-09-11,21.270000457763672
2012-09-12,21.809999465942383
2012-09-13,21.940000534057617
2012-09-14,23.06999969482422
2012-09-17,23.170000076293945
2012-09-18,23.34000015258789
2012-09-19,23.149999618530273
2012-09-20,22.540000915527344
2012-09-21,23.149999618530273
2012-09-24,22.65999984741211
2012-09-25,22.959999084472656
2012-09-26,22.520000457763672
2012-09-27,22.899999618530273
2012-09-28,22.549999237060547
2012-10-01,22.329999923706055
2012-10-02,22.670000076293945
2012-10-03,22.760000228881836
2012-10-04,22.360000610351562
2012-10-05,22.68000030517578
2012-10-08,22.100000381469727
2012-10-09,22.450000762939453
2012-10-10,22.270000457763672
2012-10-11,22.270000457763672
2012-10-15,22.549999237060547
2012-10-16,22.940000534057617
2012-10-17,22.739999771118164
2012-10-18,22.549999237060547
2012-10-19,22.530000686645508
2012-10-22,22.329999923706055
2012-10-23,21.940000534057617
2012-10-24,21.729999542236328
2012-10-25,21.709999084472656
2012-10-26,21.690000534057617
2012-10-29,21.5
2012-10-30,21.399999618530273
2012-10-31,21.6299991607666
2012-11-01,20.920000076293945
2012-11-05,20.6299991607666
2012-11-06,21.440000534057617
2012-11-07,21.6200008392334
2012-11-08,21.200000762939453
2012-11-09,20.549999237060547
2012-11-12,20.829999923706055
2012-11-13,20.440000534057617
2012-11-14,20.290000915527344
2012-11-16,19.670000076293945
2012-11-19,19.440000534057617
2012-11-21,19.469999313354492
2012-11-22,18.809999465942383
2012-11-23,18.649999618530273
2012-11-26,19.1299991607666
2012-11-27,18.920000076293945
2012-11-28,18.440000534057617
2012-11-29,19.0
2012-11-30,19.09000015258789
2012-12-03,18.8799991607666
2012-12-04,19.040000915527344
2012-12-05,19.0
2012-12-06,18.920000076293945
2012-12-07,18.770000457763672
2012-12-10,19.040000915527344
2012-12-11,19.670000076293945
2012-12-12,19.93000030517578
2012-12-13,19.729999542236328
2012-12-14,19.59000015258789
2012-12-17,20.079999923706055
2012-12-18,19.860000610351562
2012-12-19,20.399999618530273
2012-12-20,20.8700008392334
2012-12-21,20.65999984741211
2012-12-26,20.540000915527344
2012-12-27,20.059999465942383
2012-12-28,19.5
2013-01-02,19.989999771118164
2013-01-03,19.809999465942383
2013-01-04,20.329999923706055
2013-01-07,20.479999542236328
2013-01-08,20.110000610351562
2013-01-09,19.639999389648438
2013-01-10,19.770000457763672
2013-01-11,19.850000381469727
2013-01-14,20.010000228881836
2013-01-15,20.010000228881836
2013-01-16,19.889999389648438
2013-01-17,19.860000610351562
2013-01-18,19.799999237060547
2013-01-21,19.56999969482422
2013-01-22,19.420000076293945
2013-01-23,19.420000076293945
2013-01-24,19.3700008392334
2013-01-28,19.729999542236328
2013-01-29,19.350000381469727
2013-01-30,18.989999771118164
2013-01-31,18.260000228881836
2013-02-01,18.139999389648438
2013-02-04,18.15999984741211
2013-02-05,17.280000686645508
2013-02-06,17.93000030517578
2013-02-07,17.75
2013-02-08,17.549999237060547
2013-02-13,17.950000762939453
2013-02-14,17.790000915527344
2013-02-15,17.610000610351562
2013-02-18,17.639999389648438
2013-02-19,17.90999984741211
2013-02-20,18.100000381469727
2013-02-21,17.469999313354492
2013-02-22,17.510000228881836
2013-02-25,17.049999237060547
2013-02-26,16.780000686645508
2013-02-27,16.790000915527344
2013-02-28,16.760000228881836
2013-03-01,16.5
2013-03-04,16.81999969482422
2013-03-05,16.6299991607666
2013-03-06,17.600000381469727
2013-03-07,18.309999465942383
2013-03-08,18.790000915527344
2013-03-11,18.290000915527344
2013-03-12,18.850000381469727
2013-03-13,18.809999465942383
2013-03-14,18.979999542236328
2013-03-15,19.399999618530273
2013-03-18,18.899999618530273
2013-03-19,18.899999618530273
2013-03-20,19.049999237060547
2013-03-21,18.719999313354492
2013-03-22,18.549999237060547
2013-03-25,18.729999542236328
2013-03-26,18.729999542236328
2013-03-27,18.600000381469727
2013-03-28,18.420000076293945
2013-04-01,18.270000457763672
2013-04-02,18.270000457763672
2013-04-03,17.68000030517578
2013-04-04,17.950000762939453
2013-04-05,17.579999923706055
2013-04-08,17.860000610351562
2013-04-09,17.479999542236328
2013-04-10,18.209999084472656
2013-04-11,18.469999313354492
2013-04-12,17.940000534057617
2013-04-15,17.700000762939453
2013-04-16,17.469999313354492
2013-04-17,17.440000534057617
2013-04-18,17.31999969482422
2013-04-19,18.149999618530273
2013-04-22,18.3700008392334
2013-04-23,18.709999084472656
2013-04-24,19.059999465942383
2013-04-25,19.469999313354492
2013-04-26,19.170000076293945
2013-04-29,20.0
2013-04-30,19.649999618530273
2013-05-02,19.850000381469727
2013-05-03,20.489999771118164
2013-05-06,20.010000228881836
2013-05-07,20.399999618530273
2013-05-08,20.75
2013-05-09,20.25
2013-05-10,20.15999984741211
2013-05-13,19.809999465942383
2013-05-14,19.530000686645508
2013-05-15,19.5
2013-05-16,19.520000457763672
2013-05-17,19.90999984741211
2013-05-20,19.90999984741211
2013-05-21,20.190000534057617
2013-05-22,20.270000457763672
2013-05-23,19.549999237060547
2013-05-24,19.889999389648438
2013-05-27,20.010000228881836
2013-05-28,20.15999984741211
2013-05-29,19.920000076293945
2013-05-31,19.8700008392334
2013-06-03,20.110000610351562
2013-06-04,20.459999084472656
2013-06-05,20.0
2013-06-06,19.459999084472656
2013-06-07,18.950000762939453
2013-06-10,18.84000015258789
2013-06-11,18.649999618530273
2013-06-12,18.670000076293945
2013-06-13,18.100000381469727
2013-06-14,18.649999618530273
2013-06-17,18.450000762939453
2013-06-18,17.950000762939453
2013-06-19,17.889999389648438
2013-06-20,16.899999618530273
2013-06-21,16.93000030517578
2013-06-24,15.970000267028809
2013-06-25,16.100000381469727
2013-06-26,16.139999389648438
2013-06-27,16.219999313354492
2013-06-28,16.350000381469727
2013-07-01,16.350000381469727
2013-07-02,16.049999237060547
2013-07-03,15.239999771118164
2013-07-04,16.100000381469727
2013-07-05,15.8100004196167
2013-07-08,15.199999809265137
2013-07-10,15.180000305175781
2013-07-11,15.520000457763672
2013-07-12,15.65999984741211
2013-07-15,15.449999809265137
2013-07-16,15.640000343322754
2013-07-17,15.90999984741211
2013-07-18,16.0
2013-07-19,16.06999969482422
2013-07-22,15.970000267028809
2013-07-23,16.40999984741211
2013-07-24,16.3700008392334
2013-07-25,16.239999771118164
2013-07-26,16.84000015258789
2013-07-29,16.989999771118164
2013-07-30,16.780000686645508
2013-07-31,16.329999923706055
2013-08-01,16.700000762939453
2013-08-02,16.8700008392334
2013-08-05,16.770000457763672
2013-08-06,16.68000030517578
2013-08-07,16.270000457763672
2013-08-08,16.350000381469727
2013-08-09,16.739999771118164
2013-08-12,17.299999237060547
2013-08-13,16.649999618530273
2013-08-14,16.360000610351562
2013-08-15,16.700000762939453
2013-08-16,17.760000228881836
2013-08-19,17.450000762939453
2013-08-20,17.709999084472656
2013-08-21,17.06999969482422
2013-08-22,17.799999237060547
2013-08-23,18.1200008392334
2013-08-26,18.5
2013-08-27,17.950000762939453
2013-08-28,17.510000228881836
2013-08-29,17.31999969482422
2013-08-30,17.31999969482422
2013-09-02,17.149999618530273
2013-09-03,16.889999389648438
2013-09-04,16.6299991607666
2013-09-05,16.860000610351562
2013-09-06,17.799999237060547
2013-09-09,17.770000457763672
2013-09-10,18.25
2013-09-11,18.290000915527344
2013-09-12,18.170000076293945
2013-09-13,17.850000381469727
2013-09-16,18.43000030517578
2013-09-17,18.59000015258789
2013-09-18,18.40999984741211
2013-09-19,18.959999084472656
2013-09-20,19.09000015258789
2013-09-23,19.09000015258789
2013-09-24,19.09000015258789
2013-09-25,18.729999542236328
2013-09-26,18.81999969482422
2013-09-27,18.56999969482422
2013-09-30,18.56999969482422
2013-10-01,18.530000686645508
2013-10-02,18.579999923706055
2013-10-03,18.799999237060547
2013-10-04,18.389999389648438
2013-10-07,18.56999969482422
2013-10-08,18.65999984741211
2013-10-09,18.399999618530273
2013-10-10,18.260000228881836
2013-10-11,18.149999618530273
2013-10-14,18.059999465942383
2013-10-15,18.34000015258789
2013-10-16,18.469999313354492
2013-10-17,18.270000457763672
2013-10-18,18.219999313354492
2013-10-21,17.989999771118164
2013-10-22,18.959999084472656
2013-10-23,18.549999237060547
2013-10-24,18.360000610351562
2013-10-25,18.229999542236328
2013-10-28,19.420000076293945
2013-10-29,19.709999084472656
2013-10-30,19.829999923706055
2013-10-31,19.959999084472656
2013-11-01,20.1200008392334
2013-11-04,19.989999771118164
2013-11-05,20.290000915527344
2013-11-06,20.290000915527344
2013-11-07,20.270000457763672
2013-11-08,19.950000762939453
2013-11-11,19.65999984741211
2013-11-12,20.059999465942383
2013-11-13,19.549999237060547
2013-11-14,20.0
2013-11-18,20.5
2013-11-19,21.299999237060547
2013-11-21,20.5
2013-11-22,20.75
2013-11-25,20.829999923706055
2013-11-26,19.899999618530273
2013-11-27,19.209999084472656
2013-11-28,18.950000762939453
2013-11-29,18.889999389648438
2013-12-02,17.860000610351562
2013-12-03,17.450000762939453
2013-12-04,17.760000228881836
2013-12-05,17.760000228881836
2013-12-06,17.729999542236328
2013-12-09,17.31999969482422
2013-12-10,17.360000610351562
2013-12-11,17.280000686645508
2013-12-12,16.850000381469727
2013-12-13,16.989999771118164
2013-12-16,17.25
2013-12-17,17.209999084472656
2013-12-18,16.950000762939453
2013-12-19,17.1200008392334
2013-12-20,17.25
2013-12-23,17.020000457763672
2013-12-26,17.149999618530273
2013-12-27,17.0
2013-12-30,16.950000762939453
2014-01-02,17.149999618530273
2014-01-03,16.739999771118164
2014-01-06,16.450000762939453
2014-01-07,16.649999618530273
2014-01-08,16.270000457763672
2014-01-09,16.190000534057617
2014-01-10,15.760000228881836
2014-01-13,16.010000228881836
2014-01-14,15.710000038146973
2014-01-15,15.789999961853027
2014-01-16,16.040000915527344
2014-01-17,15.720000267028809
2014-01-20,15.449999809265137
2014-01-21,15.34000015258789
2014-01-22,15.420000076293945
2014-01-23,15.670000076293945
2014-01-24,15.380000114440918
2014-01-27,15.210000038146973
2014-01-28,15.359999656677246
2014-01-29,15.0600004196167
2014-01-30,14.880000114440918
2014-01-31,14.640000343322754
2014-02-03,14.59000015258789
2014-02-04,14.039999961853027
2014-02-05,14.149999618530273
2014-02-06,13.9399995803833
2014-02-07,14.270000457763672
2014-02-10,14.359999656677246
2014-02-11,14.710000038146973
2014-02-12,15.079999923706055
2014-02-13,14.779999732971191
2014-02-14,14.710000038146973
2014-02-17,14.649999618530273
2014-02-18,14.420000076293945
2014-02-19,14.020000457763672
2014-02-20,14.0600004196167
2014-02-21,14.199999809265137
2014-02-24,14.109999656677246
2014-02-25,14.449999809265137
2014-02-26,14.199999809265137
2014-02-27,13.819999694824219
2014-02-28,14.100000381469727
2014-03-05,13.699999809265137
2014-03-06,13.420000076293945
2014-03-07,13.430000305175781
2014-03-10,13.270000457763672
2014-03-11,13.0600004196167
2014-03-12,13.109999656677246
2014-03-13,13.390000343322754
2014-03-14,13.079999923706055
2014-03-17,12.880000114440918
2014-03-18,12.640000343322754
2014-03-19,12.949999809265137
2014-03-20,13.229999542236328
2014-03-21,13.449999809265137
2014-03-24,14.170000076293945
2014-03-25,14.260000228881836
2014-03-26,14.550000190734863
2014-03-27,14.390000343322754
2014-03-28,15.569999694824219
2014-03-31,15.710000038146973
2014-04-01,15.720000267028809
2014-04-02,15.710000038146973
2014-04-03,15.529999732971191
2014-04-04,15.619999885559082
2014-04-07,15.699999809265137
2014-04-08,16.799999237060547
2014-04-09,15.90999984741211
2014-04-10,15.65999984741211
2014-04-11,15.529999732971191
2014-04-14,16.280000686645508
2014-04-15,15.760000228881836
2014-04-16,15.59000015258789
2014-04-17,15.899999618530273
2014-04-22,16.309999465942383
2014-04-23,15.970000267028809
2014-04-24,16.200000762939453
2014-04-25,15.949999809265137
2014-04-28,15.949999809265137
2014-04-29,16.68000030517578
2014-04-30,16.600000381469727
2014-05-02,16.549999237060547
2014-05-05,17.649999618530273
2014-05-06,17.43000030517578
2014-05-07,18.139999389648438
2014-05-08,18.600000381469727
2014-05-09,18.049999237060547
2014-05-12,17.950000762939453
2014-05-13,18.0
2014-05-14,17.959999084472656
2014-05-15,18.170000076293945
2014-05-16,18.0
2014-05-19,17.979999542236328
2014-05-20,17.899999618530273
2014-05-21,17.459999084472656
2014-05-22,17.510000228881836
2014-05-23,17.579999923706055
2014-05-26,17.799999237060547
2014-05-27,17.93000030517578
2014-05-28,17.549999237060547
2014-05-29,17.75
2014-05-30,17.18000030517578
2014-06-02,16.799999237060547
2014-06-03,16.530000686645508
2014-06-04,16.850000381469727
2014-06-05,16.709999084472656
2014-06-06,17.3799991607666
2014-06-09,17.56999969482422
2014-06-10,18.040000915527344
2014-06-11,18.700000762939453
2014-06-13,18.6299991607666
2014-06-16,19.0
2014-06-17,18.649999618530273
2014-06-18,18.40999984741211
2014-06-20,18.649999618530273
2014-06-23,18.75
2014-06-24,18.290000915527344
2014-06-25,17.200000762939453
2014-06-26,17.469999313354492
2014-06-27,17.25
2014-06-30,17.360000610351562
2014-07-01,17.350000381469727
2014-07-02,17.190000534057617
2014-07-03,16.899999618530273
2014-07-04,17.43000030517578
2014-07-07,17.40999984741211
2014-07-08,17.360000610351562
2014-07-10,17.780000686645508
2014-07-11,18.06999969482422
2014-07-14,18.479999542236328
2014-07-15,19.100000381469727
2014-07-16,19.350000381469727
2014-07-17,19.200000762939453
2014-07-18,20.809999465942383
2014-07-21,20.43000030517578
2014-07-22,20.899999618530273
2014-07-23,20.559999465942383
2014-07-24,20.360000610351562
2014-07-25,20.40999984741211
2014-07-28,20.56999969482422
2014-07-29,20.100000381469727
2014-07-30,19.700000762939453
2014-07-31,19.600000381469727
2014-08-01,19.010000228881836
2014-08-04,19.149999618530273
2014-08-05,19.459999084472656
2014-08-06,19.84000015258789
2014-08-07,20.600000381469727
2014-08-08,19.799999237060547
2014-08-11,19.3700008392334
2014-08-12,20.09000015258789
2014-08-13,19.75
2014-08-14,18.68000030517578
2014-08-15,18.899999618530273
2014-08-18,20.549999237060547
2014-08-19,20.209999084472656
2014-08-20,20.799999237060547
2014-08-21,21.25
2014-08-22,21.139999389648438
2014-08-25,21.219999313354492
2014-08-26,22.030000686645508
2014-08-27,22.149999618530273
2014-08-28,22.690000534057617
2014-08-29,23.149999618530273
2014-09-01,23.950000762939453
2014-09-02,24.0
2014-09-03,24.84000015258789
2014-09-04,23.09000015258789
2014-09-05,22.75
2014-09-08,23.420000076293945
2014-09-09,21.510000228881836
2014-09-10,21.15999984741211
2014-09-11,21.18000030517578
2014-09-12,20.8700008392334
2014-09-15,20.25
2014-09-16,20.760000228881836
2014-09-17,22.329999923706055
2014-09-18,21.850000381469727
2014-09-19,21.0
2014-09-22,20.450000762939453
2014-09-23,20.100000381469727
2014-09-24,19.950000762939453
2014-09-25,20.290000915527344
2014-09-26,19.899999618530273
2014-09-29,19.020000457763672
2014-09-30,18.489999771118164
2014-10-01,17.700000762939453
2014-10-02,17.399999618530273
2014-10-03,17.600000381469727
2014-10-06,21.5
2014-10-07,20.850000381469727
2014-10-08,21.799999237060547
2014-10-09,21.290000915527344
2014-10-10,20.049999237060547
2014-10-13,21.360000610351562
2014-10-14,21.600000381469727
2014-10-15,20.600000381469727
2014-10-16,19.010000228881836
2014-10-17,19.3700008392334
2014-10-20,18.920000076293945
2014-10-21,16.899999618530273
2014-10-22,16.809999465942383
2014-10-23,16.3700008392334
2014-10-24,15.800000190734863
2014-10-27,14.0
2014-10-28,14.899999618530273
2014-10-29,14.770000457763672
2014-10-30,14.600000381469727
2014-10-31,14.579999923706055
2014-11-03,14.960000038146973
2014-11-04,15.0
2014-11-05,14.5
2014-11-06,14.279999732971191
2014-11-07,14.25
2014-11-10,14.300000190734863
2014-11-11,13.8100004196167
2014-11-12,13.970000267028809
2014-11-13,14.319999694824219
2014-11-14,12.899999618530273
2014-11-17,13.069999694824219
2014-11-18,12.760000228881836
2014-11-19,12.399999618530273
2014-11-21,13.010000228881836
2014-11-24,14.619999885559082
2014-11-25,14.4399995803833
2014-11-26,14.170000076293945
2014-11-27,14.199999809265137
2014-11-28,13.449999809265137
2014-12-01,12.449999809265137
2014-12-02,12.5
2014-12-03,12.260000228881836
2014-12-04,12.789999961853027
2014-12-05,12.319999694824219
2014-12-08,12.149999618530273
2014-12-09,11.100000381469727
2014-12-10,11.350000381469727
2014-12-11,10.899999618530273
2014-12-12,10.649999618530273
2014-12-15,10.210000038146973
2014-12-16,8.600000381469727
2014-12-17,9.5
2014-12-18,9.890000343322754
2014-12-19,9.949999809265137
2014-12-22,9.899999618530273
2014-12-23,10.369999885559082
2014-12-26,10.869999885559082
2014-12-29,10.149999618530273
2014-12-30,10.15999984741211
2015-01-02,9.989999771118164
2015-01-05,9.140000343322754
2015-01-06,8.710000038146973
2015-01-07,8.5600004196167
2015-01-08,8.789999961853027
2015-01-09,9.199999809265137
2015-01-12,9.270000457763672
2015-01-13,8.899999618530273
2015-01-14,8.880000114440918
2015-01-15,9.0
2015-01-16,9.460000038146973
2015-01-19,9.350000381469727
2015-01-20,9.600000381469727
2015-01-21,9.449999809265137
2015-01-22,10.100000381469727
2015-01-23,10.109999656677246
2015-01-26,9.789999961853027
2015-01-27,9.720000267028809
2015-01-28,9.430000305175781
2015-01-29,9.050000190734863
2015-01-30,8.199999809265137
2015-02-02,8.460000038146973
2015-02-03,9.010000228881836
2015-02-04,10.300000190734863
2015-02-05,9.859999656677246
2015-02-06,9.800000190734863
2015-02-09,8.800000190734863
2015-02-10,9.220000267028809
2015-02-11,8.9399995803833
2015-02-12,9.350000381469727
2015-02-13,9.680000305175781
2015-02-18,10.15999984741211
2015-02-19,9.960000038146973
2015-02-20,9.819999694824219
2015-02-23,9.550000190734863
2015-02-24,9.649999618530273
2015-02-25,9.100000381469727
2015-02-26,9.399999618530273
2015-02-27,9.300000190734863
2015-03-02,9.4399995803833
2015-03-03,9.6899995803833
2015-03-04,9.40999984741211
2015-03-05,9.3100004196167
2015-03-06,9.199999809265137
2015-03-09,9.130000114440918
2015-03-10,8.829999923706055
2015-03-11,8.670000076293945
2015-03-12,8.970000267028809
2015-03-13,8.25
2015-03-16,8.489999771118164
2015-03-17,8.350000381469727
2015-03-18,8.850000381469727
2015-03-19,9.180000305175781
2015-03-20,9.079999923706055
2015-03-23,9.300000190734863
2015-03-24,9.369999885559082
2015-03-25,9.649999618530273
2015-03-26,9.920000076293945
2015-03-27,9.300000190734863
2015-03-30,9.5
2015-03-31,9.579999923706055
2015-04-01,9.930000305175781
2015-04-02,10.170000076293945
2015-04-06,10.800000190734863
2015-04-07,10.600000381469727
2015-04-08,11.100000381469727
2015-04-09,10.699999809265137
2015-04-10,11.520000457763672
2015-04-13,11.970000267028809
2015-04-14,12.670000076293945
2015-04-15,12.699999809265137
2015-04-16,13.25
2015-04-17,12.609999656677246
2015-04-20,13.229999542236328
2015-04-22,13.1899995803833
2015-04-23,12.300000190734863
2015-04-24,13.1899995803833
2015-04-27,12.949999809265137
2015-04-28,12.760000228881836
2015-04-29,12.579999923706055
2015-04-30,12.829999923706055
2015-05-04,13.3100004196167
2015-05-05,13.699999809265137
2015-05-06,14.75
2015-05-07,13.800000190734863
2015-05-08,14.039999961853027
2015-05-11,13.680000305175781
2015-05-12,13.699999809265137
2015-05-13,13.869999885559082
2015-05-14,14.100000381469727
2015-05-15,13.920000076293945
2015-05-18,14.640000343322754
2015-05-19,13.550000190734863
2015-05-20,12.760000228881836
2015-05-21,12.859999656677246
2015-05-22,13.520000457763672
2015-05-25,12.979999542236328
2015-05-26,12.800000190734863
2015-05-27,12.5
2015-05-28,12.470000267028809
2015-05-29,12.710000038146973
2015-06-01,12.430000305175781
2015-06-02,12.550000190734863
2015-06-03,12.960000038146973
2015-06-05,12.579999923706055
2015-06-08,12.609999656677246
2015-06-09,12.609999656677246
2015-06-10,13.300000190734863
2015-06-11,13.130000114440918
2015-06-12,12.859999656677246
2015-06-15,12.970000267028809
2015-06-16,13.039999961853027
2015-06-17,13.5
2015-06-18,13.279999732971191
2015-06-19,13.3100004196167
2015-06-22,13.300000190734863
2015-06-23,13.270000457763672
2015-06-24,13.0600004196167
2015-06-25,13.229999542236328
2015-06-26,12.65999984741211
2015-06-29,13.0
2015-06-30,12.899999618530273
2015-07-01,12.800000190734863
2015-07-02,12.350000381469727
2015-07-03,12.25
2015-07-06,11.510000228881836
2015-07-07,11.359999656677246
2015-07-08,11.619999885559082
2015-07-10,11.899999618530273
2015-07-13,11.869999885559082
2015-07-14,11.6899995803833
2015-07-15,11.960000038146973
2015-07-16,11.890000343322754
2015-07-17,11.819999694824219
2015-07-20,11.460000038146973
2015-07-21,10.90999984741211
2015-07-22,10.609999656677246
2015-07-23,10.220000267028809
2015-07-24,10.170000076293945
2015-07-27,9.960000038146973
2015-07-28,9.6899995803833
2015-07-29,10.010000228881836
2015-07-30,10.829999923706055
2015-07-31,10.479999542236328
2015-08-03,10.359999656677246
2015-08-04,10.140000343322754
2015-08-05,10.40999984741211
2015-08-06,9.859999656677246
2015-08-07,10.25
2015-08-10,9.8100004196167
2015-08-11,9.789999961853027
2015-08-12,9.800000190734863
2015-08-13,9.90999984741211
2015-08-14,9.609999656677246
2015-08-17,9.199999809265137
2015-08-18,9.0600004196167
2015-08-19,8.949999809265137
2015-08-20,8.640000343322754
2015-08-21,8.600000381469727
2015-08-24,7.760000228881836
2015-08-25,8.100000381469727
2015-08-26,8.069999694824219
2015-08-27,8.25
2015-08-28,8.670000076293945
2015-08-31,8.710000038146973
2015-09-01,8.75
2015-09-02,8.75
2015-09-03,8.930000305175781
2015-09-04,8.600000381469727
2015-09-08,8.699999809265137
2015-09-09,8.8100004196167
2015-09-10,7.900000095367432
2015-09-11,7.940000057220459
2015-09-14,7.699999809265137
2015-09-15,7.650000095367432
2015-09-16,7.769999980926514
2015-09-17,8.050000190734863
2015-09-18,7.75
2015-09-21,7.659999847412109
2015-09-22,7.239999771118164
2015-09-23,6.960000038146973
2015-09-24,6.610000133514404
2015-09-25,7.119999885559082
2015-09-28,6.739999771118164
2015-09-29,6.539999961853027
2015-09-30,7.25
2015-10-01,7.309999942779541
2015-10-02,6.989999771118164
2015-10-05,7.900000095367432
2015-10-06,7.860000133514404
2015-10-07,8.510000228881836
2015-10-08,8.460000038146973
2015-10-09,9.020000457763672
2015-10-13,8.359999656677246
2015-10-14,8.069999694824219
2015-10-15,8.0
2015-10-16,7.989999771118164
2015-10-19,7.900000095367432
2015-10-20,8.0
2015-10-21,7.949999809265137
2015-10-22,7.820000171661377
2015-10-23,8.260000228881836
2015-10-26,8.050000190734863
2015-10-27,7.860000133514404
2015-10-28,7.869999885559082
2015-10-29,7.570000171661377
2015-10-30,7.599999904632568
2015-11-03,7.840000152587891
2015-11-04,8.579999923706055
2015-11-05,8.079999923706055
2015-11-06,8.039999961853027
2015-11-09,7.829999923706055
2015-11-10,7.599999904632568
2015-11-11,7.710000038146973
2015-11-12,7.71999979019165
2015-11-13,7.5
2015-11-16,7.309999942779541
2015-11-17,7.800000190734863
2015-11-18,7.809999942779541
2015-11-19,7.960000038146973
2015-11-23,7.900000095367432
2015-11-24,8.050000190734863
2015-11-25,8.279999732971191
2015-11-26,7.949999809265137
2015-11-27,7.809999942779541
2015-11-30,7.539999961853027
2015-12-01,7.670000076293945
2015-12-02,7.539999961853027
2015-12-03,7.989999771118164
2015-12-04,7.96999979019165
2015-12-07,7.599999904632568
2015-12-08,7.199999809265137
2015-12-09,7.340000152587891
2015-12-10,7.510000228881836
2015-12-11,7.260000228881836
2015-12-14,7.150000095367432
2015-12-15,7.340000152587891
2015-12-16,7.28000020980835
2015-12-17,7.349999904632568
2015-12-18,7.019999980926514
2015-12-21,7.059999942779541
2015-12-22,6.760000228881836
2015-12-23,6.909999847412109
2015-12-28,6.900000095367432
2015-12-29,6.809999942779541
2015-12-30,6.659999847412109
2016-01-04,6.570000171661377
2016-01-05,6.920000076293945
2016-01-06,6.53000020980835
2016-01-07,6.190000057220459
2016-01-08,6.380000114440918
2016-01-11,6.269999980926514
2016-01-12,6.119999885559082
2016-01-13,5.699999809265137
2016-01-14,5.309999942779541
2016-01-15,5.349999904632568
2016-01-18,5.190000057220459
2016-01-19,5.03000020980835
2016-01-20,4.5
2016-01-21,4.369999885559082
2016-01-22,4.730000019073486
2016-01-26,4.230000019073486
2016-01-27,4.21999979019165
2016-01-28,4.670000076293945
2016-01-29,4.699999809265137
2016-02-01,4.739999771118164
2016-02-02,4.559999942779541
2016-02-03,4.420000076293945
2016-02-04,4.559999942779541
2016-02-05,4.730000019073486
2016-02-10,4.300000190734863
2016-02-11,4.199999809265137
2016-02-12,4.369999885559082
2016-02-15,4.559999942779541
2016-02-16,4.5
2016-02-17,4.539999961853027
2016-02-18,4.690000057220459
2016-02-19,4.5
2016-02-22,4.670000076293945
2016-02-23,4.949999809265137
2016-02-24,4.769999980926514
2016-02-25,4.809999942779541
2016-02-26,5.019999980926514
2016-02-29,5.079999923706055
2016-03-01,5.309999942779541
2016-03-02,5.210000038146973
2016-03-03,6.570000171661377
2016-03-04,6.570000171661377
2016-03-07,7.25
2016-03-08,7.369999885559082
2016-03-09,7.699999809265137
2016-03-10,7.800000190734863
2016-03-11,7.940000057220459
2016-03-14,8.130000114440918
2016-03-15,6.829999923706055
2016-03-16,6.510000228881836
2016-03-17,8.149999618530273
2016-03-18,8.09000015258789
2016-03-21,8.079999923706055
2016-03-22,7.849999904632568
2016-03-23,7.880000114440918
2016-03-24,7.53000020980835
2016-03-28,8.149999618530273
2016-03-29,8.34000015258789
2016-03-30,8.699999809265137
2016-03-31,8.3100004196167
2016-04-01,8.359999656677246
2016-04-04,7.539999961853027
2016-04-05,7.800000190734863
2016-04-06,7.579999923706055
2016-04-07,7.699999809265137
2016-04-08,8.130000114440918
2016-04-11,8.390000343322754
2016-04-12,9.039999961853027
2016-04-13,9.489999771118164
2016-04-14,9.729999542236328
2016-04-15,9.25
2016-04-18,9.649999618530273
2016-04-19,9.609999656677246
2016-04-20,9.399999618530273
2016-04-22,9.319999694824219
2016-04-25,9.710000038146973
2016-04-26,9.479999542236328
2016-04-27,9.850000381469727
2016-04-28,10.229999542236328
2016-04-29,10.229999542236328
2016-05-02,10.25
2016-05-03,10.010000228881836
2016-05-04,9.850000381469727
2016-05-05,10.279999732971191
2016-05-06,9.630000114440918
2016-05-09,10.010000228881836
2016-05-10,9.819999694824219
2016-05-11,10.390000343322754
2016-05-12,10.399999618530273
2016-05-13,9.930000305175781
2016-05-16,9.550000190734863
2016-05-17,9.829999923706055
2016-05-18,9.3100004196167
2016-05-19,9.25
2016-05-20,9.199999809265137
2016-05-23,8.550000190734863
2016-05-24,8.6899995803833
2016-05-25,8.680000305175781
2016-05-27,8.5
2016-05-30,8.180000305175781
2016-05-31,8.359999656677246
2016-06-01,8.09000015258789
2016-06-02,8.1899995803833
2016-06-03,8.510000228881836
2016-06-06,8.699999809265137
2016-06-07,8.420000076293945
2016-06-08,8.800000190734863
2016-06-09,9.279999732971191
2016-06-10,8.970000267028809
2016-06-13,8.579999923706055
2016-06-14,8.600000381469727
2016-06-15,8.300000190734863
2016-06-16,8.40999984741211
2016-06-17,8.75
2016-06-20,9.220000267028809
2016-06-21,9.09000015258789
2016-06-22,9.609999656677246
2016-06-23,9.59000015258789
2016-06-24,9.0
2016-06-27,9.220000267028809
2016-06-28,9.100000381469727
2016-06-29,9.430000305175781
2016-06-30,9.420000076293945
2016-07-01,9.479999542236328
2016-07-04,9.949999809265137
2016-07-05,9.649999618530273
2016-07-06,9.09000015258789
2016-07-07,9.65999984741211
2016-07-08,9.850000381469727
2016-07-11,10.0
2016-07-12,10.609999656677246
2016-07-13,10.470000267028809
2016-07-14,10.920000076293945
2016-07-15,10.90999984741211
2016-07-18,10.970000267028809
2016-07-19,11.510000228881836
2016-07-20,11.819999694824219
2016-07-21,11.770000457763672
2016-07-22,11.84000015258789
2016-07-25,11.979999542236328
2016-07-26,11.949999809265137
2016-07-27,11.989999771118164
2016-07-28,11.399999618530273
2016-07-29,11.760000228881836
2016-08-01,11.930000305175781
2016-08-02,11.329999923706055
2016-08-03,11.579999923706055
2016-08-04,11.930000305175781
2016-08-05,12.119999885559082
2016-08-08,11.789999961853027
2016-08-09,11.920000076293945
2016-08-10,11.949999809265137
2016-08-11,11.630000114440918
2016-08-12,12.050000190734863
2016-08-15,12.1899995803833
2016-08-16,12.3100004196167
2016-08-17,12.470000267028809
2016-08-18,12.800000190734863
2016-08-19,12.819999694824219
2016-08-22,12.630000114440918
2016-08-23,12.479999542236328
2016-08-24,12.5
2016-08-25,12.420000076293945
2016-08-26,12.6899995803833
2016-08-29,12.5
2016-08-30,13.039999961853027
2016-08-31,13.130000114440918
2016-09-01,12.970000267028809
2016-09-02,13.220000267028809
2016-09-05,13.789999961853027
2016-09-06,13.6899995803833
2016-09-08,14.069999694824219
2016-09-09,13.960000038146973
2016-09-12,13.319999694824219
2016-09-13,13.699999809265137
2016-09-14,13.149999618530273
2016-09-15,13.210000038146973
2016-09-16,13.34000015258789
2016-09-19,13.420000076293945
2016-09-20,13.449999809265137
2016-09-21,13.600000381469727
2016-09-22,13.890000343322754
2016-09-23,13.979999542236328
2016-09-26,13.59000015258789
2016-09-27,13.399999618530273
2016-09-28,13.300000190734863
2016-09-29,13.800000190734863
2016-09-30,13.529999732971191
2016-10-03,13.670000076293945
2016-10-04,13.979999542236328
2016-10-05,14.1899995803833
2016-10-06,14.710000038146973
2016-10-07,15.229999542236328
2016-10-10,15.520000457763672
2016-10-11,15.609999656677246
2016-10-13,15.1899995803833
2016-10-14,16.010000228881836
2016-10-17,16.239999771118164
2016-10-18,17.209999084472656
2016-10-19,17.719999313354492
2016-10-20,17.309999465942383
2016-10-21,17.649999618530273
2016-10-24,18.260000228881836
2016-10-25,18.219999313354492
2016-10-26,17.700000762939453
2016-10-27,18.110000610351562
2016-10-28,17.989999771118164
2016-10-31,18.030000686645508
2016-11-01,17.8799991607666
2016-11-03,16.6299991607666
2016-11-04,16.469999313354492
2016-11-07,16.709999084472656
2016-11-08,17.100000381469727
2016-11-09,15.850000381469727
2016-11-10,17.100000381469727
2016-11-11,15.180000305175781
2016-11-14,13.800000190734863
2016-11-16,14.550000190734863
2016-11-17,15.149999618530273
2016-11-18,14.369999885559082
2016-11-21,15.050000190734863
2016-11-22,15.930000305175781
2016-11-23,15.720000267028809
2016-11-24,15.899999618530273
2016-11-25,15.25
2016-11-28,15.199999809265137
2016-11-29,15.300000190734863
2016-11-30,15.899999618530273
2016-12-01,16.0
2016-12-02,15.119999885559082
2016-12-05,16.010000228881836
2016-12-06,16.0
2016-12-07,16.299999237060547
2016-12-08,15.970000267028809
2016-12-09,15.880000114440918
2016-12-12,15.789999961853027
2016-12-13,15.550000190734863
2016-12-14,15.430000305175781
2016-12-15,14.779999732971191
2016-12-16,14.899999618530273
2016-12-19,14.880000114440918
2016-12-20,14.460000038146973
2016-12-21,14.449999809265137
2016-12-22,14.460000038146973
2016-12-23,14.050000190734863
2016-12-26,14.319999694824219
2016-12-27,14.5
2016-12-28,14.430000305175781
2016-12-29,14.850000381469727
2017-01-02,14.640000343322754
2017-01-03,14.949999809265137
2017-01-04,15.449999809265137
2017-01-05,15.699999809265137
2017-01-06,15.779999732971191
2017-01-09,15.5
2017-01-10,15.600000381469727
2017-01-11,15.640000343322754
2017-01-12,16.149999618530273
2017-01-13,15.770000457763672
2017-01-16,15.699999809265137
2017-01-17,15.729999542236328
2017-01-18,15.800000190734863
2017-01-19,15.819999694824219
2017-01-20,15.84000015258789
2017-01-23,15.9399995803833
2017-01-24,16.1200008392334
2017-01-26,16.149999618530273
2017-01-27,15.729999542236328
2017-01-30,15.510000228881836
2017-01-31,14.989999771118164
2017-02-01,15.260000228881836
2017-02-02,14.989999771118164
2017-02-03,14.920000076293945
2017-02-06,15.380000114440918
2017-02-07,15.100000381469727
2017-02-08,14.770000457763672
2017-02-09,15.180000305175781
2017-02-10,15.199999809265137
2017-02-13,15.770000457763672
2017-02-14,15.739999771118164
2017-02-15,15.90999984741211
2017-02-16,15.84000015258789
2017-02-17,15.739999771118164
2017-02-20,15.739999771118164
2017-02-21,16.100000381469727
2017-02-22,16.0
2017-02-23,15.9399995803833
2017-02-24,15.350000381469727
2017-03-01,15.510000228881836
2017-03-02,15.4399995803833
2017-03-03,15.220000267028809
2017-03-06,15.109999656677246
2017-03-07,15.180000305175781
2017-03-08,15.15999984741211
2017-03-09,14.34000015258789
2017-03-10,14.720000267028809
2017-03-13,14.329999923706055
2017-03-14,14.069999694824219
2017-03-15,13.859999656677246
2017-03-16,14.260000228881836
2017-03-17,13.8100004196167
2017-03-20,12.979999542236328
2017-03-21,13.609999656677246
2017-03-22,13.199999809265137
2017-03-23,13.479999542236328
2017-03-24,13.699999809265137
2017-03-27,13.239999771118164
2017-03-28,13.899999618530273
2017-03-29,14.039999961853027
2017-03-30,14.550000190734863
2017-03-31,14.359999656677246
2017-04-03,14.539999961853027
2017-04-04,14.670000076293945
2017-04-05,15.050000190734863
2017-04-06,14.619999885559082
2017-04-07,14.609999656677246
2017-04-10,14.899999618530273
2017-04-11,14.970000267028809
2017-04-12,14.600000381469727
2017-04-13,14.649999618530273
2017-04-17,14.140000343322754
2017-04-18,14.149999618530273
2017-04-19,14.239999771118164
2017-04-20,13.800000190734863
2017-04-24,14.130000114440918
2017-04-25,13.899999618530273
2017-04-26,14.15999984741211
2017-04-27,13.989999771118164
2017-04-28,13.850000381469727
2017-05-02,14.0600004196167
2017-05-03,14.039999961853027
2017-05-04,14.0
2017-05-05,13.6899995803833
2017-05-08,14.130000114440918
2017-05-09,14.149999618530273
2017-05-10,14.34000015258789
2017-05-11,14.880000114440918
2017-05-12,15.5
2017-05-15,15.770000457763672
2017-05-16,15.770000457763672
2017-05-17,15.5600004196167
2017-05-18,12.449999809265137
2017-05-19,13.75
2017-05-22,13.350000381469727
2017-05-23,13.449999809265137
2017-05-24,13.75
2017-05-25,13.970000267028809
2017-05-26,13.470000267028809
2017-05-29,13.680000305175781
2017-05-30,13.550000190734863
2017-05-31,13.210000038146973
2017-06-01,13.15999984741211
2017-06-02,12.789999961853027
2017-06-05,12.960000038146973
2017-06-06,13.229999542236328
2017-06-07,13.279999732971191
2017-06-08,12.779999732971191
2017-06-09,12.960000038146973
2017-06-12,12.970000267028809
2017-06-13,12.949999809265137
2017-06-14,12.9399995803833
2017-06-15,12.619999885559082
2017-06-16,12.579999923706055
2017-06-19,12.3100004196167
2017-06-20,12.119999885559082
2017-06-21,11.949999809265137
2017-06-22,11.760000228881836
2017-06-23,12.109999656677246
2017-06-26,12.100000381469727
2017-06-27,12.34000015258789
2017-06-28,12.270000457763672
2017-06-29,12.260000228881836
2017-06-30,12.25
2017-07-03,12.279999732971191
2017-07-04,12.34000015258789
2017-07-05,12.380000114440918
2017-07-06,12.279999732971191
2017-07-07,12.130000114440918
2017-07-10,11.829999923706055
2017-07-11,11.949999809265137
2017-07-12,12.640000343322754
2017-07-13,12.960000038146973
2017-07-14,12.960000038146973
2017-07-17,13.029999732971191
2017-07-18,13.0
2017-07-19,13.0
2017-07-20,13.289999961853027
2017-07-21,13.0
2017-07-24,12.829999923706055
2017-07-25,13.010000228881836
2017-07-26,13.300000190734863
2017-07-27,13.050000190734863
2017-07-28,12.979999542236328
2017-07-31,13.220000267028809
2017-08-01,13.300000190734863
2017-08-02,13.130000114440918
2017-08-03,13.569999694824219
2017-08-04,13.40999984741211
2017-08-07,13.350000381469727
2017-08-08,13.5
2017-08-09,13.510000228881836
2017-08-10,13.600000381469727
2017-08-11,13.140000343322754
2017-08-14,12.979999542236328
2017-08-15,13.079999923706055
2017-08-16,13.300000190734863
2017-08-17,13.119999885559082
2017-08-18,13.15999984741211
2017-08-21,13.640000343322754
2017-08-22,13.699999809265137
2017-08-23,13.779999732971191
2017-08-24,13.779999732971191
2017-08-25,13.869999885559082
2017-08-28,13.930000305175781
2017-08-29,13.760000228881836
2017-08-30,13.789999961853027
2017-08-31,13.529999732971191
2017-09-01,13.850000381469727
2017-09-04,13.960000038146973
2017-09-05,14.569999694824219
2017-09-06,14.649999618530273
2017-09-07,15.020000457763672
2017-09-08,15.100000381469727
2017-09-11,14.880000114440918
2017-09-12,14.979999542236328
2017-09-13,14.9399995803833
2017-09-14,15.029999732971191
2017-09-15,15.069999694824219
2017-09-18,15.020000457763672
2017-09-19,15.100000381469727
2017-09-20,15.25
2017-09-21,15.850000381469727
2017-09-22,15.600000381469727
2017-09-25,15.789999961853027
2017-09-26,15.859999656677246
2017-09-27,15.699999809265137
2017-09-28,15.369999885559082
2017-09-29,15.5
2017-10-02,15.1899995803833
2017-10-03,15.600000381469727
2017-10-04,15.899999618530273
2017-10-05,15.880000114440918
2017-10-06,15.65999984741211
2017-10-09,15.609999656677246
2017-10-10,16.1299991607666
2017-10-11,16.170000076293945
2017-10-12,16.079999923706055
2017-10-13,16.229999542236328
2017-10-16,16.15999984741211
2017-10-17,16.139999389648438
2017-10-18,16.219999313354492
2017-10-19,16.0
2017-10-20,16.190000534057617
2017-10-23,16.290000915527344
2017-10-24,16.290000915527344
2017-10-25,16.530000686645508
2017-10-26,16.780000686645508
2017-10-27,16.770000457763672
2017-10-30,16.969999313354492
2017-10-31,16.899999618530273
2017-11-01,16.989999771118164
2017-11-02,16.899999618530273
2017-11-03,16.959999084472656
2017-11-06,17.049999237060547
2017-11-07,17.309999465942383
2017-11-08,16.690000534057617
2017-11-09,16.889999389648438
2017-11-10,16.709999084472656
2017-11-13,16.690000534057617
2017-11-14,16.639999389648438
2017-11-15,15.350000381469727
2017-11-16,15.619999885559082
2017-11-17,15.920000076293945
2017-11-20,16.020000457763672
2017-11-21,16.149999618530273
2017-11-22,16.09000015258789
2017-11-23,15.979999542236328
2017-11-24,16.25
2017-11-27,16.010000228881836
2017-11-28,15.930000305175781
2017-11-29,15.869999885559082
2017-11-30,15.300000190734863
2017-12-01,15.34000015258789
2017-12-04,15.649999618530273
2017-12-05,15.5
2017-12-06,15.220000267028809
2017-12-07,15.300000190734863
2017-12-08,15.510000228881836
2017-12-11,15.479999542236328
2017-12-12,15.359999656677246
2017-12-13,15.649999618530273
2017-12-14,15.100000381469727
2017-12-15,15.050000190734863
2017-12-18,15.15999984741211
2017-12-19,15.180000305175781
2017-12-20,15.210000038146973
2017-12-21,15.3100004196167
2017-12-22,15.75
2017-12-25,15.75
2017-12-26,15.75
2017-12-27,15.989999771118164
2017-12-28,16.100000381469727
2017-12-29,16.100000381469727
2018-01-02,16.190000534057617
2018-01-03,16.489999771118164
2018-01-04,16.780000686645508
2018-01-05,16.700000762939453
2018-01-08,16.739999771118164
2018-01-09,17.030000686645508
2018-01-10,16.920000076293945
2018-01-11,16.8799991607666
2018-01-12,17.040000915527344
2018-01-15,17.31999969482422
2018-01-16,17.350000381469727
2018-01-17,17.920000076293945
2018-01-18,18.350000381469727
2018-01-19,18.309999465942383
2018-01-22,18.260000228881836
2018-01-23,18.399999618530273
2018-01-24,18.420000076293945
2018-01-25,19.34000015258789
2018-01-26,19.6200008392334
2018-01-29,19.670000076293945
2018-01-30,19.770000457763672
2018-01-31,19.739999771118164
2018-02-01,19.760000228881836
2018-02-02,20.299999237060547
2018-02-05,19.649999618530273
2018-02-06,18.65999984741211
2018-02-07,19.969999313354492
2018-02-08,19.549999237060547
2018-02-09,19.030000686645508
2018-02-14,19.010000228881836
2018-02-15,19.5
2018-02-16,19.459999084472656
2018-02-19,19.549999237060547
2018-02-20,19.8799991607666
2018-02-21,20.59000015258789
2018-02-22,20.59000015258789
2018-02-23,20.950000762939453
2018-02-26,21.399999618530273
2018-02-27,21.469999313354492
2018-02-28,21.6299991607666
2018-03-01,21.399999618530273
2018-03-02,20.700000762939453
2018-03-05,21.489999771118164
2018-03-06,22.5
2018-03-07,21.690000534057617
2018-03-08,21.850000381469727
2018-03-09,21.780000686645508
2018-03-12,22.540000915527344
2018-03-13,22.450000762939453
2018-03-14,22.299999237060547
2018-03-15,22.049999237060547
2018-03-16,21.469999313354492
2018-03-19,21.270000457763672
2018-03-20,21.18000030517578
2018-03-21,21.25
2018-03-22,21.860000610351562
2018-03-23,21.610000610351562
2018-03-26,22.06999969482422
2018-03-27,22.139999389648438
2018-03-28,21.260000228881836
2018-03-29,21.260000228881836
2018-04-02,21.360000610351562
2018-04-03,21.110000610351562
2018-04-04,20.309999465942383
2018-04-05,21.149999618530273
2018-04-06,20.979999542236328
2018-04-09,21.43000030517578
2018-04-10,20.90999984741211
2018-04-11,21.350000381469727
2018-04-12,21.790000915527344
2018-04-13,21.639999389648438
2018-04-16,21.049999237060547
2018-04-17,20.700000762939453
2018-04-18,21.350000381469727
2018-04-19,22.06999969482422
2018-04-20,22.059999465942383
2018-04-23,22.09000015258789
2018-04-24,22.600000381469727
2018-04-25,22.010000228881836
2018-04-26,22.0
2018-04-27,22.84000015258789
2018-04-30,22.729999542236328
2018-05-02,22.670000076293945
2018-05-03,22.540000915527344
2018-05-04,22.450000762939453
2018-05-07,22.56999969482422
2018-05-08,23.059999465942383
2018-05-09,23.299999237060547
2018-05-10,25.139999389648438
2018-05-11,25.829999923706055
2018-05-14,25.850000381469727
2018-05-15,26.350000381469727
2018-05-16,26.8700008392334
2018-05-17,27.350000381469727
2018-05-18,25.010000228881836
2018-05-21,26.100000381469727
2018-05-22,24.809999465942383
2018-05-23,24.229999542236328
2018-05-24,20.049999237060547
2018-05-25,20.649999618530273
2018-05-28,19.200000762939453
2018-05-29,18.0
2018-05-30,18.389999389648438
2018-06-01,19.559999465942383
2018-06-04,17.290000915527344
2018-06-05,17.360000610351562
2018-06-06,16.469999313354492
2018-06-07,16.0
2018-06-08,15.8100004196167
2018-06-11,15.5
2018-06-12,15.479999542236328
2018-06-13,15.420000076293945
2018-06-14,15.329999923706055
2018-06-15,15.029999732971191
2018-06-18,14.770000457763672
2018-06-19,14.260000228881836
2018-06-20,15.84000015258789
2018-06-21,16.09000015258789
2018-06-22,15.40999984741211
2018-06-25,15.199999809265137
2018-06-26,15.899999618530273
2018-06-27,16.100000381469727
2018-06-28,16.719999313354492
2018-06-29,16.850000381469727
2018-07-02,16.989999771118164
2018-07-03,17.739999771118164
2018-07-04,17.3799991607666
2018-07-05,18.600000381469727
2018-07-06,17.969999313354492
2018-07-10,18.34000015258789
2018-07-11,17.489999771118164
2018-07-12,17.6200008392334
2018-07-13,17.989999771118164
2018-07-16,17.950000762939453
2018-07-17,17.790000915527344
2018-07-18,18.25
2018-07-19,17.84000015258789
2018-07-20,19.170000076293945
2018-07-23,19.299999237060547
2018-07-24,19.56999969482422
2018-07-25,19.799999237060547
2018-07-26,19.950000762939453
2018-07-27,19.600000381469727
2018-07-30,19.950000762939453
2018-07-31,19.6200008392334
2018-08-01,19.59000015258789
2018-08-02,19.989999771118164
2018-08-03,21.399999618530273
2018-08-06,21.149999618530273
2018-08-07,21.329999923706055
2018-08-08,20.809999465942383
2018-08-09,20.260000228881836
2018-08-10,20.100000381469727
2018-08-13,19.5
2018-08-14,20.280000686645508
2018-08-15,19.639999389648438
2018-08-16,19.31999969482422
2018-08-17,18.75
2018-08-20,18.3700008392334
2018-08-21,18.270000457763672
2018-08-22,17.700000762939453
2018-08-23,18.350000381469727
2018-08-24,18.350000381469727
2018-08-27,18.40999984741211
2018-08-28,18.760000228881836
2018-08-29,18.5
2018-08-30,19.149999618530273
2018-08-31,18.950000762939453
2018-09-03,18.989999771118164
2018-09-04,19.1299991607666
2018-09-05,18.559999465942383
2018-09-06,18.989999771118164
2018-09-10,19.360000610351562
2018-09-11,18.8700008392334
2018-09-12,18.809999465942383
2018-09-13,19.030000686645508
2018-09-14,18.799999237060547
2018-09-17,18.6299991607666
2018-09-18,19.5
2018-09-19,19.93000030517578
2018-09-20,20.260000228881836
2018-09-21,20.149999618530273
2018-09-24,20.200000762939453
2018-09-25,19.700000762939453
2018-09-26,20.239999771118164
2018-09-27,20.5
2018-09-28,21.1299991607666
2018-10-01,21.25
2018-10-02,22.0
2018-10-03,25.25
2018-10-04,23.450000762939453
2018-10-05,24.489999771118164
2018-10-08,26.940000534057617
2018-10-09,26.479999542236328
2018-10-10,26.309999465942383
2018-10-11,26.549999237060547
2018-10-15,25.899999618530273
2018-10-16,26.200000762939453
2018-10-17,26.440000534057617
2018-10-18,26.290000915527344
2018-10-19,26.290000915527344
2018-10-22,26.270000457763672
2018-10-23,26.149999618530273
2018-10-24,26.40999984741211
2018-10-25,26.18000030517578
2018-10-26,26.649999618530273
2018-10-29,26.75
2018-10-30,26.700000762939453
2018-10-31,28.260000228881836
2018-11-01,27.760000228881836
2018-11-05,27.5
2018-11-06,27.299999237060547
2018-11-07,27.610000610351562
2018-11-08,26.799999237060547
2018-11-09,25.200000762939453
2018-11-12,25.540000915527344
2018-11-13,25.31999969482422
2018-11-14,24.239999771118164
2018-11-16,25.389999389648438
2018-11-19,25.559999465942383
2018-11-21,25.100000381469727
2018-11-22,25.280000686645508
2018-11-23,24.649999618530273
2018-11-26,24.799999237060547
2018-11-27,24.3700008392334
2018-11-28,25.5
2018-11-29,24.959999084472656
2018-11-30,25.110000610351562
2018-12-03,26.299999237060547
2018-12-04,26.25
2018-12-05,25.469999313354492
2018-12-06,24.989999771118164
2018-12-07,24.520000457763672
2018-12-10,24.770000457763672
2018-12-11,23.920000076293945
2018-12-12,23.739999771118164
2018-12-13,23.290000915527344
2018-12-14,23.079999923706055
2018-12-17,23.219999313354492
2018-12-18,22.780000686645508
2018-12-19,22.5
2018-12-20,22.309999465942383
2018-12-21,21.399999618530273
2018-12-26,20.59000015258789
2018-12-27,21.520000457763672
2018-12-28,22.110000610351562
2019-01-02,22.549999237060547
2019-01-03,23.959999084472656
2019-01-04,24.850000381469727
2019-01-07,24.850000381469727
2019-01-08,25.399999618530273
2019-01-09,25.299999237060547
2019-01-10,25.260000228881836
2019-01-11,25.149999618530273
2019-01-14,24.81999969482422
2019-01-15,24.829999923706055
2019-01-16,24.799999237060547
2019-01-17,24.75
2019-01-18,25.440000534057617
2019-01-21,25.309999465942383
2019-01-22,25.260000228881836
2019-01-23,25.329999923706055
2019-01-24,25.399999618530273
2019-01-28,25.290000915527344
2019-01-29,25.25
2019-01-30,25.809999465942383
2019-01-31,25.8700008392334
2019-02-01,25.5
2019-02-04,25.84000015258789
2019-02-05,25.90999984741211
2019-02-06,25.799999237060547
2019-02-07,25.600000381469727
2019-02-08,24.799999237060547
2019-02-11,25.170000076293945
2019-02-12,25.31999969482422
2019-02-13,26.020000457763672
2019-02-14,26.170000076293945
2019-02-15,26.860000610351562
2019-02-18,26.59000015258789
2019-02-19,26.860000610351562
2019-02-20,27.5
2019-02-21,27.18000030517578
2019-02-22,27.549999237060547
2019-02-25,27.0
2019-02-26,26.760000228881836
2019-02-27,26.84000015258789
2019-02-28,27.719999313354492
2019-03-01,27.139999389648438
2019-03-06,26.549999237060547
2019-03-07,26.799999237060547
2019-03-08,26.489999771118164
2019-03-11,27.020000457763672
2019-03-12,27.790000915527344
2019-03-13,27.59000015258789
2019-03-14,28.149999618530273
2019-03-15,28.15999984741211
2019-03-18,28.350000381469727
2019-03-19,28.850000381469727
2019-03-20,29.200000762939453
2019-03-21,28.84000015258789
2019-03-22,27.940000534057617
2019-03-25,26.829999923706055
2019-03-26,27.739999771118164
2019-03-27,28.209999084472656
2019-03-28,27.25
2019-03-29,28.450000762939453
2019-04-01,28.399999618530273
2019-04-02,28.139999389648438
2019-04-03,28.530000686645508
2019-04-04,27.770000457763672
2019-04-05,28.540000915527344
2019-04-08,29.059999465942383
2019-04-09,29.030000686645508
2019-04-10,29.549999237060547
2019-04-11,28.700000762939453
2019-04-12,26.469999313354492
2019-04-15,26.350000381469727
2019-04-16,25.950000762939453
2019-04-17,27.1200008392334
2019-04-18,27.360000610351562
2019-04-22,27.690000534057617
2019-04-23,27.719999313354492
2019-04-24,27.719999313354492
2019-04-25,27.450000762939453
2019-04-26,27.68000030517578
2019-04-29,27.549999237060547
2019-04-30,27.520000457763672
2019-05-02,26.799999237060547
2019-05-03,26.899999618530273
2019-05-06,26.389999389648438
2019-05-07,26.649999618530273
2019-05-08,26.309999465942383
2019-05-09,27.100000381469727
2019-05-10,26.8700008392334
2019-05-13,26.209999084472656
2019-05-14,26.170000076293945
2019-05-15,25.739999771118164
2019-05-16,25.770000457763672
2019-05-17,25.049999237060547
2019-05-20,24.68000030517578
2019-05-21,25.700000762939453
2019-05-22,26.34000015258789
2019-05-23,25.899999618530273
2019-05-24,26.149999618530273
2019-05-27,26.299999237060547
2019-05-28,26.1299991607666
2019-05-29,26.489999771118164
2019-05-30,26.510000228881836
2019-05-31,25.790000915527344
2019-06-03,25.8799991607666
2019-06-04,26.290000915527344
2019-06-05,26.18000030517578
2019-06-06,26.170000076293945
2019-06-07,26.690000534057617
2019-06-10,26.600000381469727
2019-06-11,26.889999389648438
2019-06-12,27.020000457763672
2019-06-13,27.149999618530273
2019-06-14,27.200000762939453
2019-06-17,27.079999923706055
2019-06-18,27.299999237060547
2019-06-19,27.350000381469727
2019-06-21,27.950000762939453
2019-06-24,28.31999969482422
2019-06-25,28.139999389648438
2019-06-26,27.549999237060547
2019-06-27,27.440000534057617
2019-06-28,27.450000762939453
2019-07-01,27.84000015258789
2019-07-02,27.260000228881836
2019-07-03,27.040000915527344
2019-07-04,27.3799991607666
2019-07-05,27.270000457763672
2019-07-08,27.5
2019-07-10,28.0
2019-07-11,28.200000762939453
2019-07-12,28.540000915527344
2019-07-15,28.59000015258789
2019-07-16,28.280000686645508
2019-07-17,27.989999771118164
2019-07-18,27.760000228881836
2019-07-19,27.5
2019-07-22,27.6200008392334
2019-07-23,27.510000228881836
2019-07-24,27.59000015258789
2019-07-25,27.469999313354492
2019-07-26,26.799999237060547
2019-07-29,26.219999313354492
2019-07-30,26.350000381469727
2019-07-31,26.389999389648438
2019-08-01,26.299999237060547
2019-08-02,26.3700008392334
2019-08-05,25.799999237060547
2019-08-06,25.899999618530273
2019-08-07,25.440000534057617
2019-08-08,26.100000381469727
2019-08-09,26.299999237060547
2019-08-12,25.920000076293945
2019-08-13,25.360000610351562
2019-08-14,25.260000228881836
2019-08-15,24.989999771118164
2019-08-16,24.719999313354492
2019-08-19,24.299999237060547
2019-08-20,23.90999984741211
2019-08-21,24.350000381469727
2019-08-22,25.5
2019-08-23,24.780000686645508
2019-08-26,24.579999923706055
2019-08-27,24.170000076293945
2019-08-28,24.200000762939453
2019-08-29,24.899999618530273
2019-08-30,25.530000686645508
2019-09-02,25.389999389648438
2019-09-03,25.110000610351562
2019-09-04,26.15999984741211
2019-09-05,26.600000381469727
2019-09-06,26.399999618530273
2019-09-09,26.75
2019-09-10,27.049999237060547
2019-09-11,27.350000381469727
2019-09-12,26.860000610351562
2019-09-13,27.1200008392334
2019-09-16,28.1200008392334
2019-09-17,27.65999984741211
2019-09-18,27.3700008392334
2019-09-19,27.829999923706055
2019-09-20,27.350000381469727
2019-09-23,27.0
2019-09-24,27.420000076293945
2019-09-25,27.030000686645508
2019-09-26,27.399999618530273
2019-09-27,27.549999237060547
2019-09-30,27.559999465942383
2019-10-01,27.600000381469727
2019-10-02,27.219999313354492
2019-10-03,26.75
2019-10-04,26.850000381469727
2019-10-07,26.3700008392334
2019-10-08,26.170000076293945
2019-10-09,26.350000381469727
2019-10-10,26.59000015258789
2019-10-11,26.93000030517578
2019-10-14,27.040000915527344
2019-10-15,27.309999465942383
2019-10-16,27.549999237060547
2019-10-17,27.93000030517578
2019-10-18,27.889999389648438
2019-10-21,27.75
2019-10-22,27.799999237060547
2019-10-23,28.530000686645508
2019-10-24,29.149999618530273
2019-10-25,29.200000762939453
2019-10-28,29.219999313354492
2019-10-29,29.399999618530273
2019-10-30,29.770000457763672
2019-10-31,29.860000610351562
2019-11-01,30.59000015258789
2019-11-04,30.889999389648438
2019-11-05,30.40999984741211
2019-11-06,30.049999237060547
2019-11-07,30.0
2019-11-08,30.450000762939453
2019-11-11,29.850000381469727
2019-11-12,30.040000915527344
2019-11-13,29.950000762939453
2019-11-14,29.8799991607666
2019-11-18,29.700000762939453
2019-11-19,29.25
2019-11-21,28.93000030517578
2019-11-22,29.760000228881836
2019-11-25,29.920000076293945
2019-11-26,29.6200008392334
2019-11-27,29.350000381469727
2019-11-28,29.31999969482422
2019-11-29,29.489999771118164
2019-12-02,29.399999618530273
2019-12-03,29.170000076293945
2019-12-04,29.260000228881836
2019-12-05,29.639999389648438
2019-12-06,30.149999618530273
2019-12-09,30.299999237060547
2019-12-10,30.100000381469727
2019-12-11,30.510000228881836
2019-12-12,30.639999389648438
2019-12-13,30.889999389648438
2019-12-16,30.049999237060547
2019-12-17,29.639999389648438
2019-12-18,29.75
2019-12-19,30.450000762939453
2019-12-20,30.600000381469727
2019-12-23,30.190000534057617
2019-12-26,30.59000015258789
2019-12-27,30.690000534057617
2019-12-30,30.549999237060547
2020-01-02,30.510000228881836
2020-01-03,30.8799991607666
2020-01-06,30.43000030517578
2020-01-07,30.81999969482422
2020-01-08,30.690000534057617
2020-01-09,30.469999313354492
2020-01-10,30.389999389648438
2020-01-13,30.350000381469727
2020-01-14,30.229999542236328
2020-01-15,29.899999618530273
2020-01-16,29.600000381469727
2020-01-17,29.719999313354492
2020-01-20,29.700000762939453
2020-01-21,29.799999237060547
2020-01-22,29.729999542236328
2020-01-23,29.09000015258789
2020-01-24,29.559999465942383
2020-01-27,28.6299991607666
2020-01-28,28.43000030517578
2020-01-29,29.0
2020-01-30,28.280000686645508
2020-01-31,28.6299991607666
2020-02-03,28.520000457763672
2020-02-04,28.649999618530273
2020-02-05,29.049999237060547
2020-02-06,28.700000762939453
2020-02-07,29.0
2020-02-10,28.889999389648438
2020-02-11,29.399999618530273
2020-02-12,29.639999389648438
2020-02-13,29.770000457763672
2020-02-14,29.860000610351562
2020-02-17,29.6299991607666
2020-02-18,29.059999465942383
2020-02-19,29.8700008392334
2020-02-20,30.799999237060547
2020-02-21,29.510000228881836
2020-02-26,27.040000915527344
2020-02-27,25.719999313354492
2020-02-28,25.15999984741211
2020-03-02,25.5
2020-03-03,26.56999969482422
2020-03-04,26.90999984741211
2020-03-05,26.329999923706055
2020-03-06,24.100000381469727
2020-03-09,17.809999465942383
2020-03-10,18.649999618530273
2020-03-11,16.700000762939453
2020-03-12,13.65999984741211
2020-03-13,15.100000381469727
2020-03-16,12.90999984741211
2020-03-17,13.600000381469727
2020-03-18,11.789999961853027
2020-03-19,11.069999694824219
2020-03-20,13.109999656677246
2020-03-23,12.109999656677246
2020-03-24,12.569999694824219
2020-03-25,13.239999771118164
2020-03-26,14.399999618530273
2020-03-27,13.300000190734863
2020-03-30,13.149999618530273
2020-03-31,13.600000381469727
2020-04-01,13.449999809265137
2020-04-02,15.399999618530273
2020-04-03,16.299999237060547
2020-04-06,16.049999237060547
2020-04-07,16.610000610351562
2020-04-08,16.5
2020-04-09,17.940000534057617
2020-04-13,16.81999969482422
2020-04-14,17.020000457763672
2020-04-15,16.040000915527344
2020-04-16,16.670000076293945
2020-04-17,15.75
2020-04-20,15.479999542236328
2020-04-22,15.850000381469727
2020-04-23,17.200000762939453
2020-04-24,16.690000534057617
2020-04-27,16.139999389648438
2020-04-28,17.040000915527344
2020-04-29,17.799999237060547
2020-04-30,17.979999542236328
2020-05-04,17.43000030517578
2020-05-05,17.899999618530273
2020-05-06,17.8700008392334
2020-05-07,17.75
2020-05-08,17.739999771118164
2020-05-11,18.299999237060547
2020-05-12,18.530000686645508
2020-05-13,18.260000228881836
2020-05-14,17.399999618530273
2020-05-15,17.989999771118164
2020-05-18,18.100000381469727
2020-05-19,18.510000228881836
2020-05-20,19.09000015258789
2020-05-21,19.5
2020-05-22,18.799999237060547
2020-05-25,19.479999542236328
2020-05-26,19.979999542236328
2020-05-27,19.799999237060547
2020-05-28,19.690000534057617
2020-05-29,19.549999237060547
2020-06-01,20.149999618530273
2020-06-02,20.75
2020-06-03,21.860000610351562
2020-06-04,21.389999389648438
2020-06-05,22.290000915527344
2020-06-08,22.549999237060547
2020-06-09,22.030000686645508
2020-06-10,21.889999389648438
2020-06-12,20.6200008392334
2020-06-15,19.809999465942383
2020-06-16,21.559999465942383
2020-06-17,21.479999542236328
2020-06-18,21.18000030517578
2020-06-19,22.0
2020-06-22,21.600000381469727
2020-06-23,21.219999313354492
2020-06-24,21.489999771118164
2020-06-25,20.90999984741211
2020-06-26,21.209999084472656
2020-06-29,21.100000381469727
2020-06-30,21.34000015258789
2020-07-01,21.75
2020-07-02,22.100000381469727
2020-07-03,21.950000762939453
2020-07-06,22.389999389648438
2020-07-07,22.34000015258789
2020-07-08,22.450000762939453
2020-07-09,22.780000686645508
2020-07-10,22.190000534057617
2020-07-13,22.610000610351562
2020-07-14,22.1299991607666
2020-07-15,23.200000762939453
2020-07-16,23.15999984741211
2020-07-17,22.829999923706055
2020-07-20,22.700000762939453
2020-07-21,23.149999618530273
2020-07-22,23.299999237060547
2020-07-23,23.15999984741211
2020-07-24,22.540000915527344
2020-07-27,22.8700008392334
2020-07-28,23.040000915527344
2020-07-29,23.030000686645508
2020-07-30,22.920000076293945
2020-07-31,22.920000076293945
2020-08-03,22.540000915527344
2020-08-04,21.459999084472656
2020-08-05,22.229999542236328
2020-08-06,23.280000686645508
2020-08-07,22.860000610351562
2020-08-10,22.899999618530273
2020-08-11,23.709999084472656
2020-08-12,23.360000610351562
2020-08-13,23.450000762939453
2020-08-14,22.770000457763672
2020-08-17,22.68000030517578
2020-08-18,22.93000030517578
2020-08-19,22.950000762939453
2020-08-20,22.520000457763672
2020-08-21,22.540000915527344
2020-08-24,22.860000610351562
2020-08-25,23.09000015258789
2020-08-26,22.780000686645508
2020-08-27,22.31999969482422
2020-08-28,22.25
2020-08-31,22.31999969482422
2020-09-01,22.200000762939453
2020-09-02,22.93000030517578
2020-09-03,22.610000610351562
2020-09-04,23.0
2020-09-08,22.5
2020-09-09,22.489999771118164
2020-09-10,22.579999923706055
2020-09-11,22.1200008392334
2020-09-14,21.940000534057617
2020-09-15,21.979999542236328
2020-09-16,21.850000381469727
2020-09-17,21.510000228881836
2020-09-18,21.989999771118164
2020-09-21,21.290000915527344
2020-09-22,20.959999084472656
2020-09-23,20.799999237060547
2020-09-24,20.239999771118164
2020-09-25,20.149999618530273
2020-09-28,20.329999923706055
2020-09-29,19.6299991607666
2020-09-30,19.5
2020-10-01,19.639999389648438
2020-10-02,19.729999542236328
2020-10-05,19.360000610351562
2020-10-06,20.469999313354492
2020-10-07,20.0
2020-10-08,20.040000915527344
2020-10-09,20.34000015258789
2020-10-13,19.90999984741211
2020-10-14,20.09000015258789
2020-10-15,19.6200008392334
2020-10-16,19.670000076293945
2020-10-19,19.40999984741211
2020-10-20,19.670000076293945
2020-10-21,20.15999984741211
2020-10-22,20.100000381469727
2020-10-23,20.940000534057617
2020-10-26,20.329999923706055
2020-10-27,20.260000228881836
2020-10-28,19.350000381469727
2020-10-29,18.43000030517578
2020-10-30,19.139999389648438
2020-11-03,19.510000228881836
2020-11-04,20.010000228881836
2020-11-05,19.950000762939453
2020-11-06,19.549999237060547
2020-11-09,21.110000610351562
2020-11-10,21.889999389648438
2020-11-11,23.350000381469727
2020-11-12,22.739999771118164
2020-11-13,22.020000457763672
2020-11-16,23.200000762939453
2020-11-17,23.049999237060547
2020-11-18,23.989999771118164
2020-11-19,23.549999237060547
2020-11-23,24.049999237060547
2020-11-24,25.639999389648438
2020-11-25,26.200000762939453
2020-11-26,25.940000534057617
2020-11-27,25.920000076293945
2020-11-30,25.260000228881836
2020-12-01,25.399999618530273
2020-12-02,25.600000381469727
2020-12-03,26.149999618530273
2020-12-04,27.190000534057617
2020-12-07,27.270000457763672
2020-12-08,26.809999465942383
2020-12-09,26.6299991607666
2020-12-10,27.190000534057617
2020-12-11,27.489999771118164
2020-12-14,28.030000686645508
2020-12-15,27.6200008392334
2020-12-16,27.850000381469727
2020-12-17,28.299999237060547
2020-12-18,28.100000381469727
2020-12-21,27.190000534057617
2020-12-22,27.200000762939453
2020-12-23,27.43000030517578
2020-12-28,28.360000610351562
2020-12-29,28.3799991607666
2020-12-30,28.350000381469727
2021-01-04,28.649999618530273
2021-01-05,28.899999618530273
2021-01-06,30.15999984741211
2021-01-07,30.34000015258789
2021-01-08,31.459999084472656
2021-01-11,30.610000610351562
2021-01-12,31.1200008392334
2021-01-13,30.68000030517578
2021-01-14,29.170000076293945
2021-01-15,29.049999237060547
2021-01-18,28.309999465942383
2021-01-19,28.479999542236328
2021-01-20,28.950000762939453
2021-01-21,28.020000457763672
2021-01-22,26.93000030517578
2021-01-26,27.25
2021-01-27,26.809999465942383
2021-01-28,27.31999969482422
2021-01-29,27.520000457763672
2021-02-01,27.260000228881836
2021-02-02,28.399999618530273
2021-02-03,28.979999542236328
2021-02-04,28.829999923706055
2021-02-05,28.979999542236328
2021-02-08,28.510000228881836
2021-02-09,28.049999237060547
2021-02-10,27.739999771118164
2021-02-11,28.139999389648438
2021-02-12,27.809999465942383
2021-02-17,28.520000457763672
2021-02-18,30.3799991607666
2021-02-19,28.030000686645508
2021-02-22,22.799999237060547
2021-02-23,23.049999237060547
2021-02-24,24.549999237060547
2021-02-25,25.0
2021-02-26,23.200000762939453
2021-03-01,22.799999237060547
2021-03-02,21.84000015258789
2021-03-03,21.799999237060547
2021-03-04,21.299999237060547
2021-03-05,22.440000534057617
2021-03-08,21.940000534057617
2021-03-09,21.360000610351562
2021-03-10,21.940000534057617
2021-03-11,22.6200008392334
2021-03-12,23.149999618530273
2021-03-15,23.110000610351562
2021-03-16,23.6299991607666
2021-03-17,23.139999389648438
2021-03-18,23.8799991607666
2021-03-19,23.270000457763672
2021-03-22,23.690000534057617
2021-03-23,23.170000076293945
2021-03-24,23.190000534057617
2021-03-25,22.700000762939453
2021-03-26,23.479999542236328
2021-03-29,23.34000015258789
2021-03-30,23.639999389648438
2021-03-31,23.799999237060547
2021-04-01,24.290000915527344
2021-04-05,24.1299991607666
2021-04-06,24.18000030517578
2021-04-07,23.940000534057617
2021-04-08,23.979999542236328
2021-04-09,23.5
2021-04-12,23.959999084472656
2021-04-13,23.979999542236328
2021-04-14,24.200000762939453
2021-04-15,23.700000762939453
2021-04-16,23.1299991607666
2021-04-19,22.950000762939453
2021-04-20,24.329999923706055
2021-04-22,24.139999389648438
2021-04-23,23.8799991607666
2021-04-26,23.850000381469727
2021-04-27,23.81999969482422
2021-04-28,23.399999618530273
2021-04-29,24.1200008392334
2021-04-30,23.399999618530273
2021-05-03,23.799999237060547
2021-05-04,23.540000915527344
2021-05-05,23.170000076293945
2021-05-06,23.709999084472656
2021-05-07,23.639999389648438
2021-05-10,24.799999237060547
2021-05-11,24.440000534057617
2021-05-12,24.950000762939453
2021-05-13,24.760000228881836
2021-05-14,25.799999237060547
2021-05-17,26.299999237060547
2021-05-18,26.700000762939453
2021-05-19,25.850000381469727
2021-05-20,26.149999618530273
2021-05-21,26.079999923706055
2021-05-24,26.280000686645508
2021-05-25,26.479999542236328
2021-05-26,25.90999984741211
2021-05-27,26.079999923706055
2021-05-28,26.200000762939453
2021-05-31,26.959999084472656
2021-06-01,27.399999618530273
2021-06-02,27.350000381469727
2021-06-04,28.059999465942383
2021-06-07,28.5
2021-06-08,28.170000076293945
2021-06-09,28.719999313354492
2021-06-10,28.829999923706055
2021-06-11,28.799999237060547
2021-06-14,28.899999618530273
2021-06-15,28.959999084472656
2021-06-16,29.079999923706055
2021-06-17,29.010000228881836
2021-06-18,28.0
2021-06-21,28.399999618530273
2021-06-22,29.0
2021-06-23,29.25
2021-06-24,29.489999771118164
2021-06-25,29.690000534057617
2021-06-28,29.18000030517578
2021-06-29,29.09000015258789
2021-06-30,29.030000686645508
2021-07-01,29.739999771118164
2021-07-02,29.299999237060547
2021-07-05,29.010000228881836
2021-07-06,28.700000762939453
2021-07-07,28.149999618530273
2021-07-08,27.399999618530273
2021-07-12,27.579999923706055
2021-07-13,27.559999465942383
2021-07-14,28.100000381469727
2021-07-15,27.489999771118164
2021-07-16,27.229999542236328
2021-07-19,25.969999313354492
2021-07-20,26.190000534057617
2021-07-21,26.790000915527344
2021-07-22,27.0
2021-07-23,27.100000381469727
2021-07-26,26.739999771118164
2021-07-27,27.350000381469727
2021-07-28,27.43000030517578
2021-07-29,27.799999237060547
2021-07-30,27.600000381469727
2021-08-02,27.200000762939453
2021-08-03,26.360000610351562
2021-08-04,26.549999237060547
2021-08-05,28.75
2021-08-06,28.5
2021-08-09,27.950000762939453
2021-08-10,28.299999237060547
2021-08-11,28.15999984741211
2021-08-12,28.65999984741211
2021-08-13,29.059999465942383
2021-08-16,29.200000762939453
2021-08-17,26.84000015258789
2021-08-18,27.030000686645508
2021-08-19,26.260000228881836
2021-08-20,26.399999618530273
2021-08-23,26.940000534057617
2021-08-24,27.290000915527344
2021-08-25,27.6299991607666
2021-08-26,27.579999923706055
2021-08-27,27.700000762939453
2021-08-30,28.399999618530273
2021-08-31,28.200000762939453
2021-09-01,27.31999969482422
2021-09-02,27.0
2021-09-03,26.649999618530273
2021-09-06,26.209999084472656
2021-09-08,26.290000915527344
2021-09-09,25.079999923706055
2021-09-10,26.020000457763672
2021-09-13,25.799999237060547
2021-09-14,25.950000762939453
2021-09-15,26.0
2021-09-16,26.079999923706055
2021-09-17,25.969999313354492
2021-09-20,24.079999923706055
2021-09-21,25.079999923706055
2021-09-22,25.530000686645508
2021-09-23,25.950000762939453
2021-09-24,26.549999237060547
2021-09-27,27.139999389648438
2021-09-28,27.190000534057617
2021-09-29,27.209999084472656
2021-09-30,27.530000686645508
2021-10-01,27.1200008392334
2021-10-04,27.760000228881836
2021-10-05,29.0
2021-10-06,28.950000762939453
2021-10-07,28.700000762939453
2021-10-08,29.0
2021-10-11,29.5
2021-10-13,29.170000076293945
2021-10-14,29.860000610351562
2021-10-15,29.799999237060547
2021-10-18,29.399999618530273
2021-10-19,29.239999771118164
2021-10-20,28.270000457763672
2021-10-21,27.860000610351562
2021-10-22,27.100000381469727
2021-10-25,27.760000228881836
2021-10-26,28.799999237060547
2021-10-27,28.829999923706055
2021-10-28,28.530000686645508
2021-10-29,29.1299991607666
2021-11-01,27.709999084472656
2021-11-03,27.709999084472656
2021-11-04,27.020000457763672
2021-11-05,26.290000915527344
2021-11-08,25.809999465942383
2021-11-09,26.200000762939453
2021-11-10,26.600000381469727
